page_title,class_name,description,prerequisites,Section,Session,Type,Units,Registered,Time,Days,Instructor,Location,special_tag
Engineering,ENGR-100A: Engineering Honors Colloquium,Recent developments in a highly technological society with emphasis on selected topics. Enrollment limited to members of the School of Engineering Honors Program. Graded CR/NC.,None,28501 D,001,Lecture,1.0,0 of 32,04:00pm-04:50pm,Th,TBA,WPH101,
Engineering,ENGR-100B: Engineering Honors Colloquium,Recent developments in a highly technological society with emphasis on selected topics. Enrollment limited to members of the School of Engineering Honors Program. Graded CR/NC.,ENGR-100A,28502 D,001,Lecture,1.0,0 of 32,04:00pm-04:50pm,Th,TBA,WPH103,
Engineering,ENGR-395A x: Cooperative Education Work Experience,"Supervised work experience in a professional environment related to specific degree program, academic level, and career objective. Acceptance into Cooperative Education Program required. Graded IP or CR/NC. Degree credit by departmental approval.",None,28521 D,001,Lecture,2.0,0 of 30,TBA,TBA,"Teixeira, Candace",OFFICE,
Engineering,ENGR-395B x: Cooperative Education Work Experience,"Supervised work experience in a professional environment related to specific degree program, academic level, and career objective. Acceptance into Cooperative Education Program is required. Graded IP or CR/NC. Degree credit by departmental approval.",ENGR-395A,28522 D,001,Lecture,2.0,0 of 30,TBA,TBA,"Teixeira, Candace",OFFICE,
Engineering,ENGR-395C x: Cooperative Education Work Experience,"Supervised work experience in a professional environment related to specific degree program, academic level, and career objective. Acceptance into Cooperative Program is required. Graded IP or CR/NC. Degree credit by department approval.",ENGR-395B,28523 D,001,Lecture,2.0,0 of 30,TBA,TBA,"Teixeira, Candace",OFFICE,
Engineering,ENGR-395D x: Cooperative Education Work Experience,"Supervised work experience in a professional environment related to specific degree program, academic level, and career objective. Acceptance into Cooperative Education Program is required. Graded IP or CR/NC. Degree credit by departmental approval.",ENGR-395C,28524 D,001,Lecture,2.0,0 of 80,TBA,TBA,"Teixeira, Candace",ZHS159,
Engineering,ENGR-400: Engineering Honors Projects,Supervised interdisciplinary studies and projects. Enrollment limited to members of the School of Engineering Honors Program. Graded CR/NC.,None,28525 D,001,Lecture,1.0,0 of 15,TBA,TBA,TBA,OFFICE,
Engineering,ENGR-493: Dean's Seminar in Entrepreneurship: Disruptive Technologies,"Understand, evaluate and manage disruptive technologies in the context of starting and developing a new business. Lectures and discussions with a diverse array of successful business leaders and entrepreneurs. NOTE: Prior to enrolling in the DEN@Viterbi section, students must request D-Clearance for Online classes at https://denviterbi.usc.edu/secure/online_dclearance/ Contact denstateuath@usc.edu with any questions.  Duplicates Credit in former BUAD 493x.",None,28528 D,060,Lecture,2.0,0 of 40,10:00am-11:50am,F,"Nikias, Chrysostomos Liu, Alice Raghavendra, Cauligi",ONLINE,
Engineering,ENGR-596: Internship in Engineering,"Part-time or full-time, practical work experience in the student's field of study. The internship must be located at an off-campus facility. Students are individually supervised by faculty. May not be taken until the student has completed at least one semester of enrollment in the graduate program. Graduate standing in engineering. Graded CR/NC.",None,28564 D,048,Lecture,1.0,0 of 200,TBA,TBA,"Teixeira, Candace",OFFICE,
Engineering,ENGR-596: Internship in Engineering,"Part-time or full-time, practical work experience in the student's field of study. The internship must be located at an off-campus facility. Students are individually supervised by faculty. May not be taken until the student has completed at least one semester of enrollment in the graduate program. Graduate standing in engineering. Graded CR/NC.",None,28565 D,510,Lecture,1.0,0 of 100,TBA,TBA,"Teixeira, Candace",OFFICE,
Engineering,ENGR-596: Internship in Engineering,"Part-time or full-time, practical work experience in the student's field of study. The internship must be located at an off-campus facility. Students are individually supervised by faculty. May not be taken until the student has completed at least one semester of enrollment in the graduate program. Graduate standing in engineering. Graded CR/NC.",None,28569 D,048,Lecture,1.0,0 of 30,TBA,TBA,"Teixeira, Candace",OFFICE,
Engineering,ENGR-596: Internship in Engineering,"Part-time or full-time, practical work experience in the student's field of study. The internship must be located at an off-campus facility. Students are individually supervised by faculty. May not be taken until the student has completed at least one semester of enrollment in the graduate program. Graduate standing in engineering. Graded CR/NC.",None,28570 D,510,Lecture,1.0,0 of 100,TBA,TBA,"Teixeira, Candace",OFFICE,
Engineering,ENGR-597 x: Internship in Engineering with Professional Writing and Communication,Practical work experience; professional communication and writing skills.,None,28620 D,048,Lecture,0.5,0 of 200,TBA,TBA,"Teixeira, Candace",OFFICE,
Engineering,ENGR-597 x: Internship in Engineering with Professional Writing and Communication,Practical work experience; professional communication and writing skills.,None,28624 D,510,Lecture,0.5,0 of 100,TBA,TBA,"Teixeira, Candace",OFFICE,
Engineering,ENGR-598: Professional Internship Experiences,Part-time or full-time practical work experience in a particular field of study. The internship must be located at an off-campus facility. NOTE: ENGR 597 is prerequisite.,ENGR-597,28622 D,048,Lecture,0.0,0 of 400,TBA,TBA,"Teixeira, Candace",OFFICE,
Engineering,ENGR-598: Professional Internship Experiences,Part-time or full-time practical work experience in a particular field of study. The internship must be located at an off-campus facility. NOTE: ENGR 597 is prerequisite.,ENGR-597,28626 D,510,Lecture,0.0,0 of 100,TBA,TBA,"Teixeira, Candace",OFFICE,
Engineering,ENGR-610: Emerging Technologies for National Security,Emerging science and engineering technologies relevant to national security and the relationship between such technologies and strategic competitiveness. NOTE:   Recommended Preparation: undergraduate degree in engineering or science.,None,28579 R,048,Lecture,2.0,0 of 30,01:00pm-02:50pm,F,TBA,GFS223,
Technology and Applied Computing,TAC-499: Special Topics,Recent developments in computers and data processing.,None,31911 R,001,Lecture,4.0,0 of 30,06:00pm-07:50pm,MW,TBA,TBA,AI Product Engineering & Tooling
Technology and Applied Computing,TAC-499: Special Topics,Recent developments in computers and data processing.,None,31912 R,001,Lecture,2.0,0 of 30,01:00pm-03:20pm,M,TBA,TBA,Producing Interactive Projects
Technology and Applied Computing,TAC-365: Managing Data in C++,"Data structures in C++ including vectors, linked lists, stacks, queues, trees, hash tables, graphs and parallelism. NOTE:   Duplicates Credit in former ITP 365.",1 from (TAC-265 or ITP-265),31858 R,001,Lecture,4.0,0 of 36,05:30pm-07:20pm,MW,TBA,KAP144,
Technology and Applied Computing,TAC-366: Blockchain: Advances and Use Cases,"Latest advances in blockchain and distributed ledger technologies. Critical analysis of new projects, proposals and protocols. The promise and technical feasibility of use cases. NOTE:   Duplicates Credit in former ITP 366.",1 from (TAC-256 or ITP-256),31859 R,001,Lecture,4.0,0 of 17,04:00pm-05:50pm,TTh,"Chung, Eric",OHE542,
Technology and Applied Computing,TAC-368: Cross-Platform App Development,"Programming applications with dynamic graphical user interfaces. Topics include events, controls, resources, data bindings, styles and user experience. NOTE:   Duplicates Credit in former ITP 368.",1 from (TAC-265 or ITP-265 or CSCI-103),31860 R,001,Lecture,4.0,0 of 40,06:00pm-09:40pm,T,TBA,KAP160,
Technology and Applied Computing,TAC-370: Cybersecurity Management and Operations,"Cybersecurity project design. Incident response. Teambuilding, management and communications for cybersecurity. Scalable approaches for implementation of Information Security Management Systems. NOTE:   Duplicates Credit in former ITP 370.",1 from (TAC-125 or ITP-125),31862 R,001,Lecture,4.0,0 of 32,12:00pm-01:50pm,TTh,"Kang, Robert",THH215,
Technology and Applied Computing,TAC-375: Digital Forensics and Cybersecurity Investigations,Forensic science techniques. Digital evidence preservation. Processes and methodologies for digital examinations. Cyber crime investigations. Windows file system analysis. Real case scenario analysis and reporting NOTE:   Duplicates Credit in former ITP 375.,1 from (TAC-125 or ITP-125),31863 R,001,Lecture,4.0,0 of 32,09:00am-10:50am,TTh,"Williamson, Howard",RRB101,
Technology and Applied Computing,TAC-380: Video Game Programming,"Underlying concepts and principles required for programming video games (topics include vectors, transformations, 3-D math, geometric primitives, matrices). NOTE:   Duplicates Credit in former ITP 380.",1 from (CSCI-104 or TAC-365 or ITP-365),31865 R,001,Lecture-Lab,4.0,0 of 33,10:00am-11:50am,TTh,"Whiting, Matthew",DRB146,
Technology and Applied Computing,TAC-380: Video Game Programming,"Underlying concepts and principles required for programming video games (topics include vectors, transformations, 3-D math, geometric primitives, matrices). NOTE:   Duplicates Credit in former ITP 380.",1 from (CSCI-104 or TAC-365 or ITP-365),31866 R,001,Lecture-Lab,4.0,0 of 33,02:00pm-03:50pm,TTh,"Madhav, Sanjay",DRB146,
Technology and Applied Computing,TAC-388: Developing Connected Devices,Design and development of production-ready connected devices; PCB design; micro-controller logic; interfacing with the connected world. NOTE:   Duplicates Credit in former ITP 388.,1 from (TAC-348 or ITP-348),31867 R,001,Lecture,4.0,0 of 29,09:00am-10:50am,MW,"Aldenderfer, Kristof",KAP267,
Technology and Applied Computing,TAC-393: Video Game Project Management,Production and project management of video games from concept to release and beyond. NOTE:   Duplicates Credit in former ITP 393.,1 from (TAC-180 or ITP-180),31868 R,001,Lecture,4.0,0 of 50,12:00pm-03:50pm,T,"Ackerman, Kyle",EGG108,
Technology and Applied Computing,TAC-405: Advanced Back-End Web Development,"Topics include Model-View-Controller (MVC) pattern, RESTful APIs, Object Relational Mapping (ORM), testing and Node.js, an asynchronous server-side alternative using JavaScript. NOTE:   Duplicates Credit in former ITP 405.",1 from (TAC-303 or ITP-303 or TAC-304 or ITP-304 or ACAD-276),31869 R,001,Lecture-Lab,4.0,0 of 30,05:00pm-09:10pm,M,TBA,KAP107,
Technology and Applied Computing,TAC-419: Advanced Cloud Analytics,"Data engineering and machine learning principles; cloud labs, data pipelines, big data and automation; conceptualize, build and deploy natural language processing models at cloud scales. NOTE:   Duplicates Credit in former ITP 419.",1 from (TAC-349 or ITP-349 or ITP-487),31870 R,001,Lecture,4.0,0 of 60,05:30pm-07:20pm,TTh,TBA,ZHS252,
Technology and Applied Computing,TAC-425: Web Application Security,"Examine web applications from an offensive security standpoint. Topics include information gathering, vulnerability discovery and validation, exploitation and privilege escalation techniques. NOTE:   Duplicates Credit in former ITP 425.",1 from (TAC-301 or ITP-301 or TAC-325 or ITP-325 or ACAD-275),31871 R,001,Lecture,4.0,0 of 30,02:00pm-03:50pm,TTh,"Williamson, Howard",DMC260,
Technology and Applied Computing,TAC-435: Professional C++,"Applications of advanced concepts in C++ including lambda expressions, templates, secure coding, parallel programming, writing performant code, CMake and continuous integration. NOTE:   Duplicates Credit in former ITP 435.",1 from (CSCI-104 or TAC-365 or ITP-365),31872 R,001,Lecture,4.0,0 of 60,02:00pm-03:50pm,MW,"Madhav, Sanjay",KAP160,
Technology and Applied Computing,TAC-435: Professional C++,"Applications of advanced concepts in C++ including lambda expressions, templates, secure coding, parallel programming, writing performant code, CMake and continuous integration. NOTE:   Duplicates Credit in former ITP 435.",1 from (CSCI-104 or TAC-365 or ITP-365),31913 R,001,Lecture,4.0,0 of 30,12:00pm-01:50pm,MW,"Nguyen, Hannah",KAP107,
Technology and Applied Computing,TAC-443: Malware Analysis and Reverse Engineering,Reverse engineering concepts for malware analysis; debuggers and decompilers; static and dynamic analysis of malicious scripts and binaries; focused on Windows and Windows APls. NOTE:   Recommended Preparation: Familiarity with the modern Windows operating system and Windows APIs..,TAC-325 and TAC-375,31873 R,001,Lecture-Lab,4.0,0 of 17,06:00pm-09:50pm,T,"Straw, Sean",OHE542,
Technology and Applied Computing,TAC-449: Applications of Machine Learning,Hands-on approach to the fundamental modeling techniques and machine learning algorithms that enable students to build robust predictive models of real-world data and test their validity. NOTE:   Duplicates Credit in former ITP 449.,1 from (TAC-216 or ITP-216 or CSCI-113),31875 R,001,Lecture,4.0,0 of 56,04:00pm-05:50pm,TTh,"Jafarkhani, Reza",LVL17,
Technology and Applied Computing,TAC-449: Applications of Machine Learning,Hands-on approach to the fundamental modeling techniques and machine learning algorithms that enable students to build robust predictive models of real-world data and test their validity. NOTE:   Duplicates Credit in former ITP 449.,1 from (TAC-216 or ITP-216 or CSCI-113),31876 R,001,Lecture,4.0,0 of 30,02:00pm-03:50pm,MW,"Aldenderfer, Kristof",KAP267,
Technology and Applied Computing,TAC-456: Blockchain: Capstone,Use decentralized blockchain technology to propose a use case of trustless peer-to-peer transactions. NOTE:   Duplicates Credit in former ITP 456.,1 from (TAC-356 or ITP-356) and 1 from (TAC-366 or ITP-366),31877 R,001,Lecture-Lab,4.0,0 of 30,04:00pm-05:50pm,TTh,TBA,VHE206,
Technology and Applied Computing,TAC-457: Network Security,"Network policy and mechanism, firewalls, malicious code; intrusion detection, prevention, response; cryptographic protocols for privacy; risks of misuse, cost of prevention and societal issues. NOTE:   Duplicates Credit in former ITP 457.",1 from (TAC-357 or ITP-357),31878 R,001,Lecture-Lab,4.0,0 of 33,04:00pm-05:50pm,MW,"Betkolia, Eilrama",DRB146,
Technology and Applied Computing,TAC-459: Applied Natural Language Processing and Generative AI,"Applied topics in machine learning, including transfer learning, reinforcement learning, generative adversarial networks and natural language processing using neural networks. NOTE:   Duplicates Credit in former ITP 459.",1 from (ITP-359 or TAC-359),31879 R,001,Lecture,4.0,0 of 60,05:00pm-09:10pm,M,"Jafarkhani, Reza Bolourchi, Allen",KAP160,
Technology and Applied Computing,TAC-460: Web Application Project,"Skills to plan, analyze, build and launch professional Web sites with actual clients. Includes project management, documentation, technology assessment, security, UI, Q/A and various methodologies. NOTE:   Duplicates Credit in former ITP 460.",1 from (ITP-303 or TAC-303 or ITP-304 or TAC-304 or ACAD-276),31880 R,001,Lecture,4.0,0 of 25,02:00pm-03:50pm,TTh,"Nguyen, Zune",KAP107,
Technology and Applied Computing,TAC-466: Building the High Tech Startup,"Basic technologies and processes involved in building web and mobile startup; aspects of building a web startup including online business models, product management, agile development processes, technology platforms and operations, customer development and online marketing. NOTE:   Duplicates Credit in former ITP 466.",None,31881 R,001,Lecture,4.0,0 of 30,12:00pm-01:50pm,MW,"Prescher, Martin Yin, ShiaoFong",KAP267,
Technology and Applied Computing,TAC-470: Technology and Applied Computing Practicum,Independent technology project related to specific topics under the direction of a faculty member. NOTE:   Recommended Preparation: appropriate 300-level course work to topic of study.  Duplicates Credit in former ITP 470.,None,31882 D,001,Lecture-Lab,1.0-4.0,0 of 50,TBA,TBA,"Walther, Kendra",OFFICE,
Technology and Applied Computing,TAC-475: Advanced Digital Forensics and Incident Response,Advanced digital forensics; cyber breach investigations; incident response; system triage; advanced Windows file system analysis; trial preparation and testimony. NOTE:   Duplicates Credit in former ITP 475.,1 from (TAC-375 or ITP-375),31884 R,001,Lecture,4.0,0 of 32,10:00am-11:50am,MW,"Greenfield, Joseph",RRB101,
Technology and Applied Computing,TAC-476: Technologies for Interactive Marketing,"Technologies, concepts and strategies in the emerging online advertising ecosystem; learn to drive traffic to a website and measure efficacy; work with a real client and budget to craft and execute an online marketing plan. NOTE:   Duplicates Credit in former ITP 476.",None,31885 R,001,Lecture-Lab,4.0,0 of 35,02:00pm-03:50pm,MW,"Yin, ShiaoFong",DMC157,
Technology and Applied Computing,TAC-479: Cyber Law and Privacy,"Cyber legal issues, search and seizure, 4th amendment and digital evidence, warrants, private searches, wiretaps, tracking devices, workplace privacy. NOTE:   Duplicates Credit in former ITP 479.",None,31886 R,001,Lecture,4.0,0 of 60,06:00pm-09:20pm,Th,TBA,KAP160,
Technology and Applied Computing,TAC-480: Technology and Applied Computing Internship,Practical experience in applying information technology skills in real-world settings. Supervised internship at companies and start-ups. Balancing academic rigor with corporate challenges and deadlines. NOTE:   Recommended Preparation: knowledge of chosen function area.  Duplicates Credit in former ITP 480.,None,31887 D,001,Lecture,1.0-4.0,0 of 10,TBA,TBA,"Walther, Kendra",OFFICE,
Technology and Applied Computing,TAC-480: Technology and Applied Computing Internship,Practical experience in applying information technology skills in real-world settings. Supervised internship at companies and start-ups. Balancing academic rigor with corporate challenges and deadlines. NOTE:   Recommended Preparation: knowledge of chosen function area.  Duplicates Credit in former ITP 480.,None,32005 D,510,Lecture,1.0-4.0,0 of 5,TBA,TBA,"Walther, Kendra",OFFICE,
Technology and Applied Computing,TAC-485: Programming Game Engines,"Techniques for building the core components of a game engine; 2-D/3-D graphics, collision detection, artificial intelligence algorithms, shading, programming input devices. NOTE:   Duplicates Credit in former ITP 485.",1 from (TAC-380 or ITP-380),31888 R,001,Lecture-Lab,4.0,0 of 33,10:00am-11:50am,MW,"Whiting, Matthew",DRB146,
Technology and Applied Computing,TAC-101: Introduction to Business Information Technologies,Business technologies. Operating systems. Networks. Application software. NOTE:   Duplicates Credit in former ITP 101.,None,31800 R,001,Lecture-Lab,2.0,0 of 60,04:00pm-05:50pm,W,"Chang, Ricky",GFS101,
Technology and Applied Computing,TAC-101: Introduction to Business Information Technologies,Business technologies. Operating systems. Networks. Application software. NOTE:   Duplicates Credit in former ITP 101.,None,31801 R,001,Lecture-Lab,2.0,0 of 32,10:00am-11:50am,W,"Chang, Ricky",VPDLL101,
Technology and Applied Computing,TAC-104: Introduction to Web Development,"Web publishing using HTML, CSS and other Web technologies. Concepts and theory of Web site creation, page layout and production. Introduction to advanced topics. NOTE:   Duplicates Credit in former ITP 104.",None,31803 R,001,Lecture-Lab,2.0,0 of 25,05:00pm-06:50pm,W,"Nguyen, Hannah",KAP107,
Technology and Applied Computing,TAC-104: Introduction to Web Development,"Web publishing using HTML, CSS and other Web technologies. Concepts and theory of Web site creation, page layout and production. Introduction to advanced topics. NOTE:   Duplicates Credit in former ITP 104.",None,31804 R,001,Lecture-Lab,2.0,0 of 55,11:00am-11:50am,TTh,"Nguyen, Zune",GFS118,
Technology and Applied Computing,TAC-115: Programming in Python,Introduction to Python; intended for students without prior programming experience. NOTE:   Duplicates Credit in TAC 116 and former ITP 116.,None,31805 R,001,Lecture-Lab,2.0,0 of 60,10:00am-10:50am,MW,"Koster, Barrett",KAP160,
Technology and Applied Computing,TAC-115: Programming in Python,Introduction to Python; intended for students without prior programming experience. NOTE:   Duplicates Credit in TAC 116 and former ITP 116.,None,31806 R,001,Lecture-Lab,2.0,0 of 60,11:00am-11:50am,MW,"Koster, Barrett",KAP160,
Technology and Applied Computing,TAC-115: Programming in Python,Introduction to Python; intended for students without prior programming experience. NOTE:   Duplicates Credit in TAC 116 and former ITP 116.,None,31807 R,001,Lecture-Lab,2.0,0 of 30,10:00am-10:50am,TTh,"Gregory, Trina",KAP267,
Technology and Applied Computing,TAC-115: Programming in Python,Introduction to Python; intended for students without prior programming experience. NOTE:   Duplicates Credit in TAC 116 and former ITP 116.,None,31808 D,060,Lecture-Lab,2.0,0 of 60,11:00am-11:50am,TTh,"Parke, Rob",ONLINE,
Technology and Applied Computing,TAC-115: Programming in Python,Introduction to Python; intended for students without prior programming experience. NOTE:   Duplicates Credit in TAC 116 and former ITP 116.,None,31811 R,001,Lecture-Lab,2.0,0 of 60,04:00pm-04:50pm,TTh,"Millard, Emily",KAP160,
Technology and Applied Computing,TAC-115: Programming in Python,Introduction to Python; intended for students without prior programming experience. NOTE:   Duplicates Credit in TAC 116 and former ITP 116.,None,31812 R,001,Lecture-Lab,2.0,0 of 60,12:00pm-01:50pm,T,"Nguyen, Calvin",THH208,
Technology and Applied Computing,TAC-115: Programming in Python,Introduction to Python; intended for students without prior programming experience. NOTE:   Duplicates Credit in TAC 116 and former ITP 116.,None,31813 R,001,Lecture-Lab,2.0,0 of 60,05:00pm-05:50pm,TTh,"Millard, Emily",KAP160,
Technology and Applied Computing,TAC-115: Programming in Python,Introduction to Python; intended for students without prior programming experience. NOTE:   Duplicates Credit in TAC 116 and former ITP 116.,None,31889 R,001,Quiz,0.0,0 of 300,02:00pm-02:50pm,F,TBA,THH101,
Technology and Applied Computing,TAC-116: Accelerated Programming in Python,Accelerated introduction to Python; intended for students with prior programming experience. NOTE:   Recommended Preparation: Prior programming experience.  Duplicates Credit in TAC 115 and former ITP 115.,None,31814 R,001,Lecture-Lab,2.0,0 of 60,12:00pm-12:50pm,MW,"Seymen, Sinan",KAP160,
Technology and Applied Computing,TAC-116: Accelerated Programming in Python,Accelerated introduction to Python; intended for students with prior programming experience. NOTE:   Recommended Preparation: Prior programming experience.  Duplicates Credit in TAC 115 and former ITP 115.,None,31815 R,001,Lecture-Lab,2.0,0 of 60,11:00am-11:50am,MW,"Seymen, Sinan",GFS116,
Technology and Applied Computing,TAC-116: Accelerated Programming in Python,Accelerated introduction to Python; intended for students with prior programming experience. NOTE:   Recommended Preparation: Prior programming experience.  Duplicates Credit in TAC 115 and former ITP 115.,None,31816 R,001,Lecture-Lab,2.0,0 of 60,01:00pm-01:50pm,MW,TBA,KAP160,
Technology and Applied Computing,TAC-125 L: From Hackers to CEOs: Introduction to Information Security,Introductory course in computer security. Fundamentals of information security management. Threats to information integrity. Ethical hacking concerns and practice. Policies and Procedures. NOTE:   Duplicates Credit in former ITP 125.,None,31819 R,001,Lecture-Lab,2.0,0 of 22,02:00pm-03:50pm,W,TBA,RRB101,
Technology and Applied Computing,TAC-125 L: From Hackers to CEOs: Introduction to Information Security,Introductory course in computer security. Fundamentals of information security management. Threats to information integrity. Ethical hacking concerns and practice. Policies and Procedures. NOTE:   Duplicates Credit in former ITP 125.,None,31820 R,001,Lecture-Lab,2.0,0 of 22,11:00am-12:50pm,T,"Holtmann, Jonathan",RRB101,
Technology and Applied Computing,TAC-125 L: From Hackers to CEOs: Introduction to Information Security,Introductory course in computer security. Fundamentals of information security management. Threats to information integrity. Ethical hacking concerns and practice. Policies and Procedures. NOTE:   Duplicates Credit in former ITP 125.,None,31821 R,001,Lecture-Lab,2.0,0 of 20,10:00am-11:50am,W,"Clair IV, Pierson",OHE120,
Technology and Applied Computing,TAC-165: Introduction to C++ Programming,"Introduction to programming using C++, including variables, operators, conditionals, loops, arrays, vectors, strings, functions, files, structs, pointers, dynamic allocation and an introduction to classes. NOTE:   Duplicates Credit in former ITP 165.",None,31822 R,001,Lecture-Lab,2.0,0 of 36,12:00pm-12:50pm,MW,"Koster, Barrett",DRB146,
Technology and Applied Computing,TAC-168: Introduction to MATLAB,Fundamentals of MATLAB: a high-performance numeric computation and visualization environment. Overview of linear algebra and matrix manipulation; using 2-D and 3-D plotting routines; programming in MATLAB; basic numerical analysis. NOTE:   Recommended Preparation: MATH 118 or MATH 125.  Duplicates Credit in former ITP 168.,None,31823 R,001,Lecture-Lab,2.0,0 of 60,11:00am-11:50am,TTh,TBA,KAP160,
Technology and Applied Computing,TAC-168: Introduction to MATLAB,Fundamentals of MATLAB: a high-performance numeric computation and visualization environment. Overview of linear algebra and matrix manipulation; using 2-D and 3-D plotting routines; programming in MATLAB; basic numerical analysis. NOTE:   Recommended Preparation: MATH 118 or MATH 125.  Duplicates Credit in former ITP 168.,None,31824 R,001,Lecture-Lab,2.0,0 of 60,09:00am-09:50am,TTh,TBA,KAP160,
Technology and Applied Computing,TAC-168: Introduction to MATLAB,Fundamentals of MATLAB: a high-performance numeric computation and visualization environment. Overview of linear algebra and matrix manipulation; using 2-D and 3-D plotting routines; programming in MATLAB; basic numerical analysis. NOTE:   Recommended Preparation: MATH 118 or MATH 125.  Duplicates Credit in former ITP 168.,None,31825 R,001,Lecture-Lab,2.0,0 of 60,10:00am-10:50am,TTh,TBA,KAP160,
Technology and Applied Computing,TAC-181: Video Game QA Management,"Survey of game software development through quality assurance and in-depth analysis of the development cycle with a focus on bug testing systems, methodologies and QA Management. NOTE:   Recommended Preparation: former ITP 180 or TAC 180.  Duplicates Credit in former ITP 181 and former ITP 230 and TAC 230.",None,31826 R,001,Lecture,2.0,0 of 50,01:00pm-02:50pm,W,"Ackerman, Kyle",EGG108,
Technology and Applied Computing,TAC-190: Introduction to Adobe Photoshop,"Digital tools for image creation, editing, composition, layout, web page development, professional page layout and printing with color accuracy. NOTE:   Duplicates Credit in former ITP 090 and former ITP 190.",None,31827 R,001,Lecture,2.0,0 of 36,05:00pm-06:20pm,M,TBA,KAP158,
Technology and Applied Computing,TAC-190: Introduction to Adobe Photoshop,"Digital tools for image creation, editing, composition, layout, web page development, professional page layout and printing with color accuracy. NOTE:   Duplicates Credit in former ITP 090 and former ITP 190.",None,31828 R,001,Lab,0.0,0 of 36,06:30pm-07:50pm,M,TBA,VHE217,
Technology and Applied Computing,"TAC-215 L: Introduction to 3D Modeling, Animation and Visual Effects","An applied introduction to the techniques used for modeling, animating, texturing, lighting, rendering, and creating 3D content for games, cinematics, visual effects, animation and visualizations. NOTE:   Recommended Preparation: knowledge of any 2D paint, drawing or CAD program.  Duplicates Credit in former ITP 215.",None,31829 R,001,Lecture-Lab,2.0,0 of 29,05:00pm-05:50pm,TTh,TBA,KAP107,
Technology and Applied Computing,TAC-216: Applied Python,Development of practical Python programming skills through project-based applications; 'Pythonic' ways of solving problems in modern computational domains. NOTE:   Duplicates Credit in former ITP 216.,1 from (TAC-115 or TAC-116 or ITP-115 or ITP-116),31830 R,001,Lecture-Lab,2.0,0 of 60,04:00pm-04:50pm,MW,"Aldenderfer, Kristof",KAP160,
Technology and Applied Computing,TAC-216: Applied Python,Development of practical Python programming skills through project-based applications; 'Pythonic' ways of solving problems in modern computational domains. NOTE:   Duplicates Credit in former ITP 216.,1 from (TAC-115 or TAC-116 or ITP-115 or ITP-116),31831 R,001,Lecture-Lab,2.0,0 of 78,06:00pm-07:50pm,Th,TBA,GFS116,
Technology and Applied Computing,TAC-216: Applied Python,Development of practical Python programming skills through project-based applications; 'Pythonic' ways of solving problems in modern computational domains. NOTE:   Duplicates Credit in former ITP 216.,1 from (TAC-115 or TAC-116 or ITP-115 or ITP-116),31832 R,001,Lecture-Lab,2.0,0 of 78,06:00pm-07:50pm,T,TBA,GFS116,
Technology and Applied Computing,TAC-216: Applied Python,Development of practical Python programming skills through project-based applications; 'Pythonic' ways of solving problems in modern computational domains. NOTE:   Duplicates Credit in former ITP 216.,1 from (TAC-115 or TAC-116 or ITP-115 or ITP-116),31833 R,001,Lecture-Lab,2.0,0 of 40,11:00am-11:50am,MW,"Faghmous, James",KAP158,
Technology and Applied Computing,TAC-249: Introduction to Data Analytics,"Introduction to data analytics. Basics of databases, applied statistics, data visualization. Leverage data to make critical business decisions. NOTE:   Duplicates Credit in former ITP 249 and former ITP 250 and former ITP 251.",None,31835 R,001,Lecture,4.0,0 of 46,03:30pm-06:50pm,T,"Nguyen, Calvin",KAP146,
Technology and Applied Computing,TAC-249: Introduction to Data Analytics,"Introduction to data analytics. Basics of databases, applied statistics, data visualization. Leverage data to make critical business decisions. NOTE:   Duplicates Credit in former ITP 249 and former ITP 250 and former ITP 251.",None,31836 R,001,Lecture,4.0,0 of 54,12:00pm-01:50pm,TTh,"Seymen, Sinan",SOSB44,
Technology and Applied Computing,TAC-256: Blockchain,"Explore blockchain technology, a secure and immutable way to record transactions. Learn the workings of cryptocurrencies and explore their impact on financial services, business and contracting. NOTE:   Duplicates Credit in former ITP 256.",None,31837 R,001,Lecture,4.0,0 of 30,05:00pm-06:50pm,MW,TBA,SGM226,
Technology and Applied Computing,TAC-259: Basics of Artificial Intelligence,Concepts and techniques in artificial intelligence; approaches in artificial narrow intelligence; applications of AI that are already changing society; ethical and social questions in AI. NOTE:   Duplicates Credit in former ITP 259.,1 from (TAC-216 or ITP-216 or CSCI-113),31838 R,001,Lecture,4.0,0 of 60,12:00pm-01:50pm,MW,"Faghmous, James",GFS116,
Technology and Applied Computing,TAC-259: Basics of Artificial Intelligence,Concepts and techniques in artificial intelligence; approaches in artificial narrow intelligence; applications of AI that are already changing society; ethical and social questions in AI. NOTE:   Duplicates Credit in former ITP 259.,1 from (TAC-216 or ITP-216 or CSCI-113),31839 R,001,Lecture,4.0,0 of 60,12:00pm-01:50pm,TTh,"Jafarkhani, Reza",KAP160,
Technology and Applied Computing,TAC-265: Object-Oriented Programming,Continuation of the fundamentals of programming; problem solving skills within the object-oriented programming paradigm. NOTE:   Duplicates Credit in former ITP 265.,1 from (TAC-115 or TAC-116 or TAC-165 or ITP-115 or ITP-116 or ITP-165),31840 R,001,Lecture,4.0,0 of 49,10:00am-11:50am,TTh,"Walther, Kendra",RTH115,
Technology and Applied Computing,TAC-265: Object-Oriented Programming,Continuation of the fundamentals of programming; problem solving skills within the object-oriented programming paradigm. NOTE:   Duplicates Credit in former ITP 265.,1 from (TAC-115 or TAC-116 or TAC-165 or ITP-115 or ITP-116 or ITP-165),31841 R,001,Quiz,0.0,0 of 60,10:00am-11:50am,F,"Walther, Kendra",RTH115,
Technology and Applied Computing,TAC-301: Front-End Web Development,Concepts and technologies used to create front-end for web applications. Introduction to programming and client-side web development. User-driven website manipulation and animation. NOTE:   Duplicates Credit in IDSN 531 and former ITP 301.,1 from (TAC-104 or ITP-104 or IML-300 or JOUR-320),31842 R,001,Lecture,4.0,0 of 30,04:00pm-05:50pm,TTh,"Nguyen, Zune",KAP107,
Technology and Applied Computing,TAC-303: Full-Stack Web Development,"Modern web development techniques and technologies used to create web applications from ground up. Topics include front-end, back-end and web servers. NOTE:   Duplicates Credit in former ITP 303.",1 from (TAC-265 or ITP-265 or CSCI-103),31843 R,001,Lecture-Lab,4.0,0 of 40,02:00pm-03:50pm,TTh,"Nguyen, Hannah",SOSB44,
Technology and Applied Computing,TAC-303: Full-Stack Web Development,"Modern web development techniques and technologies used to create web applications from ground up. Topics include front-end, back-end and web servers. NOTE:   Duplicates Credit in former ITP 303.",1 from (TAC-265 or ITP-265 or CSCI-103),31844 R,001,Lecture-Lab,4.0,0 of 56,06:00pm-07:50pm,TTh,"Nguyen, Hannah",TBA,
Technology and Applied Computing,TAC-308: Computer-Aided Design for Bio-Mechanical Systems,"Concepts of computer-aided design in 2-dimensions and 3-dimensions. Creating advanced parts using extrusions, surfaces, and equation driven sketches. Forming assemblies and sub-assemblies, for motion analysis NOTE:   Recommended Preparation: MATH 245, strength of materials knowledge.  Duplicates Credit in former ITP 308.",None,31845 R,001,Lecture-Lab,3.0,0 of 32,12:30pm-01:50pm,MW,"Yoo, James",WPH107,
Technology and Applied Computing,TAC-310: Design for User Experience,"Fundamental concepts, techniques, practices, workflows and tools associated with the practice of user experience and interaction design in web and mobile applications. NOTE:   Duplicates Credit in former ITP 140 and former 310.",None,31846 R,001,Lecture,4.0,0 of 30,05:00pm-08:50pm,W,"Hillman, Mikaila",KAP163,
Technology and Applied Computing,TAC-325: Ethical Hacking,"Ethical hacking; penetration testing; vulnerability assessment; red teams; hacker environments, infrastructure and frameworks; lateral movement and data exfiltration techniques; evasion and anti-forensics. NOTE:   Duplicates Credit in former ITP 325.",1 from (ITP-125 or TAC-125),31847 R,001,Lecture,4.0,0 of 20,04:00pm-05:50pm,MW,TBA,RRB101,
Technology and Applied Computing,TAC-325: Ethical Hacking,"Ethical hacking; penetration testing; vulnerability assessment; red teams; hacker environments, infrastructure and frameworks; lateral movement and data exfiltration techniques; evasion and anti-forensics. NOTE:   Duplicates Credit in former ITP 325.",1 from (ITP-125 or TAC-125),31848 R,001,Lecture,4.0,0 of 20,06:00pm-07:50pm,MW,TBA,DMC158,
Technology and Applied Computing,TAC-348: Making Smart Devices: Introduction to Electronics/Wearables,"Design of electronic devices that interact with the physical world; electronic interfaces; development of software algorithms; micro-controller implementation. NOTE: Prior to enrolling in the DEN@Viterbi section, students must request D-Clearance for Online classes at https://denviterbi.usc.edu/secure/online_dclearance/ -- Contact denstateauth@usc.edu with any questions.  Recommended Preparation: Students should have completed a course in object-oriented programming.  Duplicates Credit in former ITP 148 and former ITP 348.",1 from (TAC-115 or ITP-115 or TAC-116 or ITP-116 or TAC-165 or ITP-165 or TAC-168 or ITP-168 or BME-210),31850 D,060,Lecture-Lab,4.0,0 of 25,12:00pm-01:50pm,TTh,"Parke, Rob",ONLINE,
Technology and Applied Computing,TAC-348: Making Smart Devices: Introduction to Electronics/Wearables,"Design of electronic devices that interact with the physical world; electronic interfaces; development of software algorithms; micro-controller implementation. NOTE: Prior to enrolling in the DEN@Viterbi section, students must request D-Clearance for Online classes at https://denviterbi.usc.edu/secure/online_dclearance/ -- Contact denstateauth@usc.edu with any questions.  Recommended Preparation: Students should have completed a course in object-oriented programming.  Duplicates Credit in former ITP 148 and former ITP 348.",1 from (TAC-115 or ITP-115 or TAC-116 or ITP-116 or TAC-165 or ITP-165 or TAC-168 or ITP-168 or BME-210),31851 D,060,Lecture-Lab,4.0,0 of 25,10:00am-11:50am,MW,"Parke, Rob",ONLINE,
Technology and Applied Computing,TAC-349: Enterprise Data Analytics,"Methodology to store, organize, cleanse, harmonize and stage enterprise data for analytics. Report, visualize, slice and dice, forecast and predict trends. NOTE:   Duplicates Credit in former ITP 487 and former ITP 349.",1 from (TAC-249 or TAC-320 or ITP-249 or ITP-320 or DSCI-351),31852 R,001,Lecture,4.0,0 of 50,12:00pm-01:50pm,MW,"Lee, Mike",VPD110,
Technology and Applied Computing,TAC-349: Enterprise Data Analytics,"Methodology to store, organize, cleanse, harmonize and stage enterprise data for analytics. Report, visualize, slice and dice, forecast and predict trends. NOTE:   Duplicates Credit in former ITP 487 and former ITP 349.",1 from (TAC-249 or TAC-320 or ITP-249 or ITP-320 or DSCI-351),31853 R,001,Lecture,4.0,0 of 50,02:00pm-03:50pm,MW,"Lee, Mike",KAP107,
Technology and Applied Computing,TAC-357: Enterprise Networks: Design and Architecture,Network technologies. Routers and managed switches. Integrated operating systems (IOS). Strategies for endpoint management. Subnets and securing subnetworks. Reliability with networks and network infrastructure. NOTE:   Duplicates Credit in former ITP 357.,1 from (TAC-125 or ITP-125),31854 R,001,Lecture,4.0,0 of 29,06:00pm-07:50pm,MW,"Betkolia, Eilrama",KAP267,
Technology and Applied Computing,TAC-359: Applied Neural Networks,"Design, build, and train applied neural networks to solve real-world problems; implement neural networks for machine vision, image recognition and object detection and tracking. NOTE:   Duplicates Credit in former ITP 359.",1 from (TAC-259 or ITP-259),31855 R,001,Lecture,4.0,0 of 48,03:30pm-05:20pm,MW,"Prescher, Martin",KAP144,
Technology and Applied Computing,TAC-359: Applied Neural Networks,"Design, build, and train applied neural networks to solve real-world problems; implement neural networks for machine vision, image recognition and object detection and tracking. NOTE:   Duplicates Credit in former ITP 359.",1 from (TAC-259 or ITP-259),31856 R,001,Lecture,4.0,0 of 30,12:00pm-12:50pm,TTh,"Kale, Nitin",KAP107,
Technology and Applied Computing,TAC-361: Character Rigging for Games,"Fundamentals of character rigging for video game production and development; optimization of character design, skeleton and mass properties for effective rigging; virtual rigs. NOTE:   Recommended Preparation: Any experience with 3D character rigs.  Duplicates Credit in former ITP 361.",1 from (TAC-215 or ITP-215 or CTAN-452),31857 R,001,Lecture-Lab,4.0,0 of 30,06:00pm-07:50pm,MW,TBA,KAP107,
Systems Architecting and Engineering,SAE-541: Systems Engineering Theory and Practice,"Integration of engineering problem solving methodologies based on systems concepts. Application to complex, large scale technical systems and problems faced by engineering managers. Case studies.",None,32301 D,034,Lecture,3.0,0 of 35,06:40pm-09:20pm,Th,"Sievers, Michael",DEN@Viterbi,
Systems Architecting and Engineering,SAE-541: Systems Engineering Theory and Practice,"Integration of engineering problem solving methodologies based on systems concepts. Application to complex, large scale technical systems and problems faced by engineering managers. Case studies.",None,32331 R,048,Lecture,3.0,0 of 10,06:40pm-09:20pm,Th,"Sievers, Michael",OHE114,
Systems Architecting and Engineering,SAE-546: Engineering Mission-Critical Systems,"Formal methods for the design and analysis of resilient systems and system-of-systems (SoS); Disruption risks as a function of system scale and complexity, management, and architectures. NOTE:   Recommended Preparation: SAE 549.",None,32303 D,034,Lecture,3.0,0 of 15,12:00pm-02:40pm,W,"Sievers, Michael",DEN@Viterbi,
Systems Architecting and Engineering,SAE-546: Engineering Mission-Critical Systems,"Formal methods for the design and analysis of resilient systems and system-of-systems (SoS); Disruption risks as a function of system scale and complexity, management, and architectures. NOTE:   Recommended Preparation: SAE 549.",None,32313 R,048,Lecture,3.0,0 of 10,12:00pm-02:40pm,W,"Sievers, Michael",RTH109,
Systems Architecting and Engineering,SAE-548: Systems/System-of-Systems Integration and Communication,"Essentials of systems and system-of-systems integration from the perspectives of business, programs, and technology. Process, Legacy, and Systems-of-Systems Integration. Verification and Validation methods. Case studies. Recommended preparation: Bachelor's degree in engineering or physical sciences.",None,32315 D,034,Lecture,3.0,0 of 30,06:40pm-09:20pm,W,"Sievers, Michael",DEN@Viterbi,
Systems Architecting and Engineering,SAE-548: Systems/System-of-Systems Integration and Communication,"Essentials of systems and system-of-systems integration from the perspectives of business, programs, and technology. Process, Legacy, and Systems-of-Systems Integration. Verification and Validation methods. Case studies. Recommended preparation: Bachelor's degree in engineering or physical sciences.",None,32348 R,048,Lecture,3.0,0 of 8,06:40pm-09:20pm,W,"Sievers, Michael",OHE114,
Systems Architecting and Engineering,SAE-549: Systems Architecting,"Introduction to systems architecture in aerospace, electrical, computer, and manufacturing systems emphasizing the conceptual and acceptance phases and using heuristics.",None,32319 D,034,Lecture,3.0,0 of 38,06:40pm-09:20pm,M,"Ordoukhanian, Edwin",DEN@Viterbi,
Systems Architecting and Engineering,SAE-549: Systems Architecting,"Introduction to systems architecture in aerospace, electrical, computer, and manufacturing systems emphasizing the conceptual and acceptance phases and using heuristics.",None,32349 D,048,Lecture,3.0,0 of 20,06:40pm-09:20pm,M,"Ordoukhanian, Edwin",OHE100D,
Systems Architecting and Engineering,SAE-550: Systems Architecting and the Political Process,Analysis of risks inherent in managing high-tech/high-cost government-funded engineering programs; tools and techniques for coping with the impacts of politically-driven budgets on the engineering design process. Recommended preparation: 2 years of work experience.,None,32320 D,034,Lecture,3.0,0 of 25,06:40pm-09:20pm,W,"Cureton, Ken Ordoukhanian, Edwin",DEN@Viterbi,
Systems Architecting and Engineering,SAE-550: Systems Architecting and the Political Process,Analysis of risks inherent in managing high-tech/high-cost government-funded engineering programs; tools and techniques for coping with the impacts of politically-driven budgets on the engineering design process. Recommended preparation: 2 years of work experience.,None,32321 D,048,Lecture,3.0,0 of 10,06:40pm-09:20pm,W,"Cureton, Ken Ordoukhanian, Edwin",OHE120,
Systems Architecting and Engineering,SAE-560: Economic Considerations for Systems Engineering,"Impact of economic factors for systems architects and engineers, tools for understanding these factors, fundamental quantitative analysis of cash flow, life-cost estimating for systems and software engineering.",None,32330 D,034,Lecture,3.0,0 of 27,06:40pm-09:20pm,T,"Cureton, Ken Ordoukhanian, Edwin",DEN@Viterbi,
Systems Architecting and Engineering,SAE-560: Economic Considerations for Systems Engineering,"Impact of economic factors for systems architects and engineers, tools for understanding these factors, fundamental quantitative analysis of cash flow, life-cost estimating for systems and software engineering.",None,32360 D,048,Lecture,3.0,0 of 6,06:40pm-09:20pm,T,"Cureton, Ken Ordoukhanian, Edwin",OHE114,
Systems Architecting and Engineering,SAE-590: Directed Research,Research leading to the master's degree. Maximum units which may be applied to the degree to be determined by the department. Graded CR/NC.,None,32390 D,048,Lecture,1.0-12.0,0 of 5,TBA,TBA,"Madni, Azad Sievers, Michael",OFFICE,
Systems Architecting and Engineering,SAE-594A: Master's Thesis,Credit on acceptance of thesis. Graded IP/CR/NC.,None,32391 D,048,Lecture,2.0,0 of 5,TBA,TBA,"Madni, Azad Sievers, Michael",OFFICE,
Systems Architecting and Engineering,SAE-594B: Master's Thesis,Credit on acceptance of thesis. Graded IP/CR/NC.,SAE-594A,32392 D,048,Lecture,2.0,0 of 5,TBA,TBA,TBA,OFFICE,
Systems Architecting and Engineering,SAE-594Z: Master's Thesis,Credit on acceptance of thesis. Graded IP/CR/NC.,SAE-594B,32393 D,048,Lecture,0.0,0 of 5,TBA,TBA,TBA,OFFICE,
Petroleum Engineering,PTE-490 x: Directed Research,Individual research and readings. Not available for graduate credit.,None,32211 D,001,Lecture,2.0-8.0,0 of 15,TBA,TBA,TBA,OFFICE,
Petroleum Engineering,PTE-517: Testing of Wells and Aquifers,Principles of well testing; down hole device; aquifer tests; slug tests; DST; pressure transient modeling in homogeneous and heterogeneous systems; parameter estimation; computer aided techniques.,PTE-464,32224 D,048,Lecture,3.0,0 of 28,02:00pm-04:40pm,Th,"Ershaghi, Iraj",TBA,
Petroleum Engineering,PTE-517: Testing of Wells and Aquifers,Principles of well testing; down hole device; aquifer tests; slug tests; DST; pressure transient modeling in homogeneous and heterogeneous systems; parameter estimation; computer aided techniques.,PTE-464,32226 D,034,Lecture,3.0,0 of 20,02:00pm-04:40pm,Th,TBA,DEN@Viterbi,
Petroleum Engineering,PTE-590: Directed Research,Research leading to the Master's Degree. Maximum units which may be applied to the degree to be determined by the department. Graded CR/NC.,None,32242 D,048,Lecture,1.0-12.0,0 of 35,TBA,TBA,TBA,OFFICE,
Petroleum Engineering,PTE-594A: Master's Thesis,Credit on acceptance of Thesis.,None,32244 D,048,Lecture,2.0,0 of 15,TBA,TBA,TBA,OFFICE,
Petroleum Engineering,PTE-594B: Master's Thesis,Credit on acceptance of Thesis.,PTE-594A,32246 D,048,Lecture,2.0,0 of 15,TBA,TBA,TBA,OFFICE,
Petroleum Engineering,PTE-594Z: Master's Thesis,Credit on acceptance of Thesis.,PTE-594B,32248 D,048,Lecture,0.0,0 of 15,TBA,TBA,TBA,OFFICE,
Petroleum Engineering,PTE-790: Research,Research leading to the doctorate. Maximum units which may be applied to the degree to be determined by the department. Graded CR/NC.,None,32260 D,048,Lecture,1.0-12.0,0 of 15,TBA,TBA,TBA,OFFICE,
Petroleum Engineering,PTE-794A: Doctoral Dissertation,Credit on acceptance of Dissertation. Graded CR/NC.,None,32262 D,048,Lecture,2.0,0 of 15,TBA,TBA,TBA,OFFICE,
Petroleum Engineering,PTE-794B: Doctoral Dissertation,Credit on acceptance of Dissertation.,PTE-794A,32264 D,048,Lecture,2.0,0 of 15,TBA,TBA,TBA,OFFICE,
Petroleum Engineering,PTE-794C: Doctoral Dissertation,Credit on acceptance of Dissertation.,PTE-794B,32266 D,048,Lecture,2.0,0 of 15,TBA,TBA,TBA,OFFICE,
Petroleum Engineering,PTE-794D: Doctoral Dissertation,Credit on acceptance of Dissertation.,PTE-794C,32268 D,048,Lecture,2.0,0 of 15,TBA,TBA,TBA,OFFICE,
Petroleum Engineering,PTE-794Z: Doctoral Dissertation,Credit on acceptance of Dissertation.,PTE-794D,32270 D,048,Lecture,0.0,0 of 15,TBA,TBA,TBA,OFFICE,
Materials Science,MASC-110 L: Materials Science,"Chemical bonding and structure in crystalline, amorphous and molecular solids; tendency and mechanisms for chemical change; homogeneous and heterogeneous equilibria. NOTE: Register for lec, 1 lab & 1 dis",None,32111 R,001,Lab,0.0,0 of 16,04:00pm-05:50pm,M,TBA,PCE103,
Materials Science,MASC-110 L: Materials Science,"Chemical bonding and structure in crystalline, amorphous and molecular solids; tendency and mechanisms for chemical change; homogeneous and heterogeneous equilibria. NOTE: Register for lec, 1 lab & 1 dis",None,32100 R,001,Lecture,4.0,0 of 80,11:00am-11:50am,MWF,"Packard, Corinne",SLH102,
Materials Science,MASC-110 L: Materials Science,"Chemical bonding and structure in crystalline, amorphous and molecular solids; tendency and mechanisms for chemical change; homogeneous and heterogeneous equilibria. NOTE: Register for lec, 1 lab & 1 dis",None,32102 R,001,Discussion,0.0,0 of 40,02:00pm-02:50pm,T,TBA,WPH102,
Materials Science,MASC-110 L: Materials Science,"Chemical bonding and structure in crystalline, amorphous and molecular solids; tendency and mechanisms for chemical change; homogeneous and heterogeneous equilibria. NOTE: Register for lec, 1 lab & 1 dis",None,32104 R,001,Discussion,0.0,0 of 40,02:00pm-02:50pm,Th,TBA,WPH102,
Materials Science,MASC-110 L: Materials Science,"Chemical bonding and structure in crystalline, amorphous and molecular solids; tendency and mechanisms for chemical change; homogeneous and heterogeneous equilibria. NOTE: Register for lec, 1 lab & 1 dis",None,32106 R,001,Lab,0.0,0 of 16,01:00pm-02:50pm,M,TBA,PCE103,
Materials Science,MASC-110 L: Materials Science,"Chemical bonding and structure in crystalline, amorphous and molecular solids; tendency and mechanisms for chemical change; homogeneous and heterogeneous equilibria. NOTE: Register for lec, 1 lab & 1 dis",None,32108 R,001,Lab,0.0,0 of 16,01:00pm-02:50pm,W,TBA,PCE103,
Materials Science,MASC-110 L: Materials Science,"Chemical bonding and structure in crystalline, amorphous and molecular solids; tendency and mechanisms for chemical change; homogeneous and heterogeneous equilibria. NOTE: Register for lec, 1 lab & 1 dis",None,32110 R,001,Lab,0.0,0 of 16,01:00pm-02:50pm,T,TBA,PCE103,
Materials Science,MASC-110 L: Materials Science,"Chemical bonding and structure in crystalline, amorphous and molecular solids; tendency and mechanisms for chemical change; homogeneous and heterogeneous equilibria. NOTE: Register for lec, 1 lab & 1 dis",None,32112 R,001,Lab,0.0,0 of 16,01:00pm-02:50pm,Th,TBA,PCE103,
Materials Science,MASC-310 L: Materials Behavior and Processing,"Mechanical behavior of metals, polymers, ceramics, and composites. Structure-process-property relationships. Mechanical testing, stress-strain relationships, microstructural characteristics and analysis. Material failure (fracture, fatigue, creep) and degradation. NOTE:   Recommended Preparation: MASC 110L, CHEM 105.  Duplicates Credit in former AME 231.",None,32120 D,001,Lecture,4.0,0 of 37,12:00pm-01:20pm,MW,"Grunenfelder, Lessa",VHE217,
Materials Science,MASC-310 L: Materials Behavior and Processing,"Mechanical behavior of metals, polymers, ceramics, and composites. Structure-process-property relationships. Mechanical testing, stress-strain relationships, microstructural characteristics and analysis. Material failure (fracture, fatigue, creep) and degradation. NOTE:   Recommended Preparation: MASC 110L, CHEM 105.  Duplicates Credit in former AME 231.",None,32121 D,001,Lecture,4.0,0 of 43,02:00pm-03:20pm,MW,"Grunenfelder, Lessa",ZHS352,
Materials Science,MASC-310 L: Materials Behavior and Processing,"Mechanical behavior of metals, polymers, ceramics, and composites. Structure-process-property relationships. Mechanical testing, stress-strain relationships, microstructural characteristics and analysis. Material failure (fracture, fatigue, creep) and degradation. NOTE:   Recommended Preparation: MASC 110L, CHEM 105.  Duplicates Credit in former AME 231.",None,32124 R,001,Lab,0.0,0 of 16,10:00am-11:50am,T,TBA,PCE305,
Materials Science,MASC-310 L: Materials Behavior and Processing,"Mechanical behavior of metals, polymers, ceramics, and composites. Structure-process-property relationships. Mechanical testing, stress-strain relationships, microstructural characteristics and analysis. Material failure (fracture, fatigue, creep) and degradation. NOTE:   Recommended Preparation: MASC 110L, CHEM 105.  Duplicates Credit in former AME 231.",None,32125 R,001,Lab,0.0,0 of 16,02:00pm-03:50pm,T,TBA,PCE305,
Materials Science,MASC-310 L: Materials Behavior and Processing,"Mechanical behavior of metals, polymers, ceramics, and composites. Structure-process-property relationships. Mechanical testing, stress-strain relationships, microstructural characteristics and analysis. Material failure (fracture, fatigue, creep) and degradation. NOTE:   Recommended Preparation: MASC 110L, CHEM 105.  Duplicates Credit in former AME 231.",None,32136 R,001,Lab,0.0,0 of 16,04:00pm-05:50pm,W,TBA,PCE305,
Materials Science,MASC-310 L: Materials Behavior and Processing,"Mechanical behavior of metals, polymers, ceramics, and composites. Structure-process-property relationships. Mechanical testing, stress-strain relationships, microstructural characteristics and analysis. Material failure (fracture, fatigue, creep) and degradation. NOTE:   Recommended Preparation: MASC 110L, CHEM 105.  Duplicates Credit in former AME 231.",None,32137 R,001,Lab,0.0,0 of 16,11:00am-12:50pm,Th,TBA,PCE305,
Materials Science,MASC-310 L: Materials Behavior and Processing,"Mechanical behavior of metals, polymers, ceramics, and composites. Structure-process-property relationships. Mechanical testing, stress-strain relationships, microstructural characteristics and analysis. Material failure (fracture, fatigue, creep) and degradation. NOTE:   Recommended Preparation: MASC 110L, CHEM 105.  Duplicates Credit in former AME 231.",None,32138 R,001,Lab,0.0,0 of 16,02:00pm-03:50pm,Th,TBA,PCE305,
Materials Science,MASC-483: Introduction to Machine Learning for Materials,"Introduction to machine learning (ML) for materials applications; basic concepts of machine learning, statistics and probability. NOTE:   Recommended Preparation: Basic Python programming and basic calculus.",None,32145 R,001,Lecture,4.0,0 of 21,04:00pm-05:50pm,TTh,"Vashishta, Priya",SOSB37,
Materials Science,MASC-490 x: Directed Research,Individual research and readings. Not available for graduate credit.,None,32148 D,001,Lecture,1.0-4.0,0 of 40,TBA,TBA,TBA,OFFICE,
Materials Science,MASC-501: Solid State,"Atomic electronic states, molecular bonding, crystal structures, diffraction, reciprocal lattice, Brillouin zones, crystal binding, lattice vibrations, specific heat, anharmonic effects, energy bands, metals, conductivity. NOTE:   Recommended Preparation: Graduate level mathematical methods (such as vector analysis, linear algebra, complex variables, transforms, ordinary and partial second order differential equations, etc.) for engineers.",1 from (EE-471 or EE-539),32141 R,048,Lecture,4.0,0 of 25,02:00pm-03:50pm,TTh,"Madhukar, Anupam",VHE217,
Materials Science,MASC-504: Diffusion and Phase Equilibria,"Phase equilibria, phase diagrams, diffusion, planar defects, nucleation and growth, spinodal decomposition, phase transformation.",MASC-503,32142 D,034,Lecture,4.0,0 of 25,02:00pm-03:50pm,MW,"Ravichandran, Jayakanth",DEN@Viterbi,
Materials Science,MASC-504: Diffusion and Phase Equilibria,"Phase equilibria, phase diagrams, diffusion, planar defects, nucleation and growth, spinodal decomposition, phase transformation.",MASC-503,32144 R,048,Lecture,4.0,0 of 60,02:00pm-03:50pm,MW,"Ravichandran, Jayakanth",OHE132,
Materials Science,"MASC-515: Machine Learning in Materials, Chemical and Energy Engineeri","Introduction to machine learning, basics of python programming and data science tools; hands-on projects of materials and process modeling based on machine learning methods. NOTE:   Recommended Preparation: Basic Python programming on the level of TAC 115; Calculus on the level of MATH 229; Linear Algebra on the level of EE 141 or MATH 225/235/245; and Probability on the level of CHE 305..",None,32109 D,034,Lecture,4.0,0 of 20,12:00pm-01:50pm,MW,"Nomura, Ken-ichi",DEN@Viterbi,
Materials Science,"MASC-515: Machine Learning in Materials, Chemical and Energy Engineeri","Introduction to machine learning, basics of python programming and data science tools; hands-on projects of materials and process modeling based on machine learning methods. NOTE:   Recommended Preparation: Basic Python programming on the level of TAC 115; Calculus on the level of MATH 229; Linear Algebra on the level of EE 141 or MATH 225/235/245; and Probability on the level of CHE 305..",None,32146 D,048,Lecture,4.0,0 of 40,12:00pm-01:50pm,MW,"Nomura, Ken-ichi",RTH105,
Materials Science,MASC-516: Materials Science for Energy Transitions,Survey of materials science issues relevant to a zero-carbon energy future; material properties; the influence of extreme environments; manufacturing considerations; and sourcing of materials. NOTE:   Recommended Preparation: Undergraduate introductory materials science course (MASC 310 or equivalent).,None,32165 D,048,Lecture,4.0,0 of 40,10:00am-11:50am,MW,"Nutt, Steve",KAP146,
Materials Science,MASC-520: Mathematical Methods for Deep Learning,"Understanding deep learning: for students in engineering, physical and life sciences and computer science with mathematical background.",None,32113 R,048,Lecture,4.0,0 of 30,04:00pm-05:50pm,MW,"Branicio, Paulo",RTH115,
Materials Science,MASC-520: Mathematical Methods for Deep Learning,"Understanding deep learning: for students in engineering, physical and life sciences and computer science with mathematical background.",None,32114 D,034,Lecture,4.0,0 of 30,04:00pm-05:50pm,MW,"Branicio, Paulo",DEN@Viterbi,
Materials Science,MASC-560: Fatigue and Fracture,Behavior of materials under cyclic and static fatigue; plastic instability; life-time predictions; brittle and ductile fracture; crack propagation and plastic blunting. NOTE:   Duplicates Credit in former AME 560.,None,32154 R,048,Lecture,3.0,0 of 40,12:00pm-01:50pm,TTh,"Chen, Wen",OHE100C,
Materials Science,MASC-560: Fatigue and Fracture,Behavior of materials under cyclic and static fatigue; plastic instability; life-time predictions; brittle and ductile fracture; crack propagation and plastic blunting. NOTE:   Duplicates Credit in former AME 560.,None,32156 D,034,Lecture,3.0,0 of 30,12:00pm-01:50pm,TTh,"Chen, Wen",DEN@Viterbi,
Materials Science,MASC-570: Introduction to Photovoltaic Solar Energy Conversion,"The physical principles, implementation materials, devices and manufacturing costs of solar cells and panels for photovoltaic conversion of solar radiation to electricity. NOTE:   Recommended Preparation: Undergraduate physics (electricity and magnetism - e.g., PHYS 152, modern physics - e.g., PHYS 153), chemistry - e.g., CHEM 105b, and mathematics (calculus - e.g., MATH 229, linear algebra and differential equations - e.g., MATH 225 or MATH 245); elementary solid-state concepts such as crystal structures - e.g., MATH 501; semiconductors - e.g., EE 338.",None,32166 R,048,Lecture,4.0,0 of 16,12:00pm-01:50pm,MW,"Madhukar, Anupam",HED103,
Materials Science,MASC-576: Molecular Dynamics Simulations of Materials and Processes,"Modeling of materials and processes such as mechanical, thermodynamical, and transport properties using Molecular Dynamics simulation, interatomic potentials including long-range coulomb interactions and quantum corrections. NOTE:   Recommended Preparation: Basics of Molecular Dynamics.",MASC-575,32169 R,048,Lecture,4.0,0 of 30,05:00pm-06:50pm,MW,"Nomura, Ken-ichi",VHE210,
Materials Science,MASC-583: Materials Selection,"Materials selection in relationship to design and fabrication, economic considerations, methodology of selection, performance parameters; case studies. NOTE:   Recommended Preparation: Undergraduate level course in materials (equivalent to MASC 310).  Duplicates Credit in former AME 588.",None,32172 D,048,Lecture,4.0,0 of 28,10:00am-11:50am,TTh,"Grunenfelder, Lessa",RTH105,
Materials Science,MASC-583: Materials Selection,"Materials selection in relationship to design and fabrication, economic considerations, methodology of selection, performance parameters; case studies. NOTE:   Recommended Preparation: Undergraduate level course in materials (equivalent to MASC 310).  Duplicates Credit in former AME 588.",None,32174 D,034,Lecture,4.0,0 of 15,10:00am-11:50am,TTh,"Grunenfelder, Lessa",DEN@Viterbi,
Materials Science,MASC-590: Directed Research,Research leading to the Master's Degree. Maximum units which may be applied to the degree to be determined by the department. Graded CR/NC.,None,32180 D,048,Lecture,1.0-12.0,0 of 40,TBA,TBA,TBA,OFFICE,
Materials Science,MASC-594A: Master's Thesis,Credit on acceptance of Thesis.,None,32182 D,048,Lecture,2.0,0 of 5,TBA,TBA,TBA,OFFICE,
Materials Science,MASC-594B: Master's Thesis,Credit on acceptance of Thesis.,MASC-594A,32184 D,048,Lecture,2.0,0 of 5,TBA,TBA,TBA,OFFICE,
Materials Science,MASC-594Z: Master's Thesis,Credit on acceptance of Thesis.,MASC-594B,32186 D,048,Lecture,0.0,0 of 5,TBA,TBA,TBA,OFFICE,
Materials Science,MASC-598: Materials Science Seminar,Seminar in Materials Science research.,None,32192 R,048,Lecture,1.0,0 of 21,04:00pm-05:20pm,T,TBA,ZHS252,
Materials Science,MASC-790: Research,Research leading to the doctorate. Maximum units which may be applied to the degree to be determined by the department. Graded CR/NC.,None,32190 D,048,Lecture,1.0-12.0,0 of 20,TBA,TBA,TBA,OFFICE,
Materials Science,MASC-794A: Doctoral Dissertation,Credit on acceptance of Dissertation.,None,32191 D,048,Lecture,2.0,0 of 20,TBA,TBA,TBA,OFFICE,
Materials Science,MASC-794B: Doctoral Dissertation,Credit on acceptance of Dissertation.,MASC-794A,32193 D,048,Lecture,2.0,0 of 20,TBA,TBA,TBA,OFFICE,
Materials Science,MASC-794C: Doctoral Dissertation,Credit on acceptance of Dissertation.,MASC-794B,32194 D,048,Lecture,2.0,0 of 20,TBA,TBA,TBA,OFFICE,
Materials Science,MASC-794D: Doctoral Dissertation,Credit on acceptance of Dissertation.,MASC-794C,32195 D,048,Lecture,2.0,0 of 20,TBA,TBA,TBA,OFFICE,
Materials Science,MASC-794Z: Doctoral Dissertation,Credit on acceptance of Dissertation.,MASC-794D,32196 D,048,Lecture,0.0,0 of 20,10:00am-11:50am,MW,TBA,OFFICE,
Industrial and Systems Engineering,ISE-638: Stochastic Optimization,"Optimization modeling, continuous (both linear and convex), discrete (or mixed-integer), multi-stage and their applications. Predictive Stochastic Programing. Learning Enabled Optimization techniques.",ISE-536,31632 D,048,Lecture,4.0,0 of 30,12:00pm-01:50pm,MW,"Royset, Johannes",DMC200,
Industrial and Systems Engineering,ISE-651: Seminar in Industrial & Systems Engineering,"Current research, guest speakers in the field; review papers; guidance in preparing research proposals and special projects. Duplicates credit in the former ISE-650abc. Open only to Fifth Year Seniors and Masters Students.",None,31694 D,048,Lecture,1.0,0 of 22,03:30pm-04:50pm,T,"Hall, Randolph",GER206,
Industrial and Systems Engineering,ISE-662: Advanced Decision Theory,Rational decision making; value and utility functions; distribution theory; invariance relations; copulas; value of information and control; multiattribute utility; decision and game theory; behavioral research. NOTE:   Recommended Preparation: Multivariate calculus on the level of MATH 226; linear algebra on the level of MATH 225; probability and statistics on the level of ISE 500..,None,31741 D,048,Lecture,4.0,0 of 22,02:00pm-05:50pm,W,"Abbas, Ali",GFS213,
Industrial and Systems Engineering,ISE-790: Research,Research leading to the doctorate. Maximum units which may be applied to the degree to be determined by the department. Graded CR/NC.,None,31790 D,048,Lecture,1.0-12.0,0 of 25,TBA,TBA,TBA,OFFICE,
Industrial and Systems Engineering,ISE-794A: Doctoral Dissertation,Credit on acceptance of Dissertation.,None,31791 D,048,Lecture,2.0,0 of 10,TBA,TBA,TBA,OFFICE,
Industrial and Systems Engineering,ISE-794B: Doctoral Dissertation,Credit on acceptance of Dissertation.,ISE-794A,31792 D,048,Lecture,2.0,0 of 10,TBA,TBA,TBA,OFFICE,
Industrial and Systems Engineering,ISE-794C: Doctoral Dissertation,Credit on acceptance of Dissertation.,ISE-794B,31793 D,048,Lecture,2.0,0 of 10,TBA,TBA,TBA,OFFICE,
Industrial and Systems Engineering,ISE-794D: Doctoral Dissertation,Credit on acceptance of Dissertation.,ISE-794C,31794 D,048,Lecture,2.0,0 of 10,TBA,TBA,TBA,OFFICE,
Industrial and Systems Engineering,ISE-794Z: Doctoral Dissertation,Credit on acceptance of Dissertation.,ISE-794D,31795 D,048,Lecture,0.0,0 of 10,TBA,TBA,TBA,OFFICE,
Industrial and Systems Engineering,ISE-521: Foundations of Analytics,"Foundational tools, technologies and methodologies for analytics. The statistical basis of analytics. Understanding and preparing data. Python, SQL and exploratory data analysis.",None,31566 D,048,Lecture,4.0,0 of 70,02:00pm-03:50pm,TTh,"Wilcox, Bruce",LVL17,
Industrial and Systems Engineering,ISE-525: Design of Experiments,"Planning data collection to investigate relationships between product/process design choices (materials, temperatures, etc.) and performance, empirical modeling to predict performance, identification of best design choices. NOTE:   Recommended Preparation: ISE 225.",None,31525 D,048,Lecture,4.0,0 of 28,04:00pm-05:50pm,TTh,"Palmer, Kurt",RTH105,
Industrial and Systems Engineering,ISE-525: Design of Experiments,"Planning data collection to investigate relationships between product/process design choices (materials, temperatures, etc.) and performance, empirical modeling to predict performance, identification of best design choices. NOTE:   Recommended Preparation: ISE 225.",None,31725 D,034,Lecture,4.0,0 of 15,04:00pm-05:50pm,TTh,"Palmer, Kurt",DEN@Viterbi,
Industrial and Systems Engineering,ISE-527: Quality Management for Engineers,"Principles of quality management, quality philosophies and frameworks, role of leadership and strategic planning to improve quality, process management, measurements to improve quality and performance.",None,31527 D,048,Lecture,4.0,0 of 35,10:00am-11:50am,MW,"Booth, Thomas",OHE100B,
Industrial and Systems Engineering,ISE-527: Quality Management for Engineers,"Principles of quality management, quality philosophies and frameworks, role of leadership and strategic planning to improve quality, process management, measurements to improve quality and performance.",None,31727 D,034,Lecture,4.0,0 of 25,10:00am-11:50am,MW,"Booth, Thomas",DEN@Viterbi,
Industrial and Systems Engineering,ISE-529: Predictive Analytics,"Supervised learning. Linear regression, cross validation, ridge and lasso regression, logistic regression, k-nearest-neighbors, decision trees, random forest and gradient-boosting models, support vector machines, neural networks. NOTE:   Recommended Preparation: Undergraduate statistics on the level of ISE 225; working knowledge of a programming language on the level of ISE 150.",None,31546 D,048,Lecture,4.0,0 of 40,12:00pm-01:50pm,MW,"Ma, Tao",OHE100D,
Industrial and Systems Engineering,ISE-529: Predictive Analytics,"Supervised learning. Linear regression, cross validation, ridge and lasso regression, logistic regression, k-nearest-neighbors, decision trees, random forest and gradient-boosting models, support vector machines, neural networks. NOTE:   Recommended Preparation: Undergraduate statistics on the level of ISE 225; working knowledge of a programming language on the level of ISE 150.",None,31731 D,048,Lecture,4.0,0 of 65,04:00pm-05:50pm,TTh,"Ma, Tao",THH208,
Industrial and Systems Engineering,ISE-529: Predictive Analytics,"Supervised learning. Linear regression, cross validation, ridge and lasso regression, logistic regression, k-nearest-neighbors, decision trees, random forest and gradient-boosting models, support vector machines, neural networks. NOTE:   Recommended Preparation: Undergraduate statistics on the level of ISE 225; working knowledge of a programming language on the level of ISE 150.",None,31746 D,034,Lecture,4.0,0 of 20,12:00pm-01:50pm,MW,"Ma, Tao",DEN@Viterbi,
Industrial and Systems Engineering,ISE-530: Optimization Methods for Analytics,"Fundamentals of Linear Programming, Integer Programming, quadratic and nonlinear programming for analytics and data science problems. NOTE:   Recommended Preparation: Multivariable calculus on the level of MATH 229, linear algebra on the level of MATH 245, computer programming on the level of ISE 150.",None,31531 D,048,Lecture,4.0,0 of 60,04:00pm-05:50pm,TTh,"Torrico, Alfredo",DMC156,
Industrial and Systems Engineering,ISE-530: Optimization Methods for Analytics,"Fundamentals of Linear Programming, Integer Programming, quadratic and nonlinear programming for analytics and data science problems. NOTE:   Recommended Preparation: Multivariable calculus on the level of MATH 229, linear algebra on the level of MATH 245, computer programming on the level of ISE 150.",None,31730 D,048,Lecture,4.0,0 of 37,12:00pm-01:50pm,TTh,"Shehadeh, Karmel",DMC203,
Industrial and Systems Engineering,ISE-534: Data Analytics Consulting,"Consulting project concepts, frameworks, analytical tools and managerial skills with a focus on the use of data analytics, design thinking and insight-driven frameworks. NOTE:   Recommended Preparation: Statistics and statistical modeling on the level of ISE 225.",ISE-529,31549 D,048,Lecture,4.0,0 of 36,10:00am-11:50am,MW,"Pishgar, Maryam",KAP148,
Industrial and Systems Engineering,ISE-535: Data Mining,"Data preprocessing, data cleaning, data summarization, dimension reduction, data visualization, anomaly detection, classification and clustering. Modeling dependencies using association rules. NOTE:   Recommended Preparation: Engineering statistics at the level of ISE 225; working knowledge of a programming language on the level of ISE 150..",None,31535 D,048,Lecture,4.0,0 of 85,12:00pm-01:50pm,TTh,"Pishgar, Maryam",OHE100D,
Industrial and Systems Engineering,ISE-535: Data Mining,"Data preprocessing, data cleaning, data summarization, dimension reduction, data visualization, anomaly detection, classification and clustering. Modeling dependencies using association rules. NOTE:   Recommended Preparation: Engineering statistics at the level of ISE 225; working knowledge of a programming language on the level of ISE 150..",None,31537 D,034,Lecture,4.0,0 of 20,12:00pm-01:50pm,TTh,"Pishgar, Maryam",DEN@Viterbi,
Industrial and Systems Engineering,ISE-537: Financial Analytics,Modern portfolio theory and optimal decision-making problems in finance. Market microstructure and high-frequency trading. Machine learning models for quantitative finance. NOTE:   Recommended Preparation: Engineering statistics on the level of ISE 225; working knowledge of a programming language on the level of ISE 150..,None,31750 D,048,Lecture,4.0,0 of 80,02:00pm-03:50pm,MW,"Papavassilopoulos, George",SOSB46,
Industrial and Systems Engineering,ISE-540: Text Analytics,Methods and algorithms for automated text analysis; machine learning; predictive web data analytics; information retrieval; social media data; natural language documents and graphs. NOTE:   Recommended Preparation: Knowledge of a programming language on the level of ISE 150; undergraduate statistics on the level of ISE 225; ISE 529 Predictive Analytics is highly recommended.,None,31799 D,048,Lecture,4.0,0 of 72,04:00pm-05:50pm,MW,"Kejriwal, Mayank",THH208,
Industrial and Systems Engineering,ISE-543: Enterprise Cloud Analytics,"Project-based course covers developing scalable analytics solutions using major cloud platforms, focusing on data management, machine learning and enterprise applications.",ISE-529,31743 D,048,Lecture,4.0,0 of 110,04:00pm-05:50pm,TTh,"Wilcox, Bruce",THH301,
Industrial and Systems Engineering,ISE-544: Leading and Managing Engineering Teams,"Design and management of engineering teams. Group decision-making, motivation, leadership, infrastructure requirements, performance measurement, team diversity, conflict and integration.",None,31504 D,048,Lecture,4.0,0 of 35,06:00pm-09:40pm,M,"Azmi, Alex",OHE136,
Industrial and Systems Engineering,ISE-544: Leading and Managing Engineering Teams,"Design and management of engineering teams. Group decision-making, motivation, leadership, infrastructure requirements, performance measurement, team diversity, conflict and integration.",None,31544 D,048,Lecture,4.0,0 of 35,04:00pm-07:50pm,Th,"Nowroozi, Ali",DMC260,
Industrial and Systems Engineering,ISE-544: Leading and Managing Engineering Teams,"Design and management of engineering teams. Group decision-making, motivation, leadership, infrastructure requirements, performance measurement, team diversity, conflict and integration.",None,31704 D,034,Lecture,4.0,0 of 25,06:00pm-09:40pm,M,"Azmi, Alex",DEN@Viterbi,
Industrial and Systems Engineering,ISE-547: Applied Generative Artificial Intelligence for Enterprises,Foundational concepts and methods in large language models and generative artificial intelligence; fine-tuning and pre-training strategies; applications in dialogue systems and text generation.,None,31512 D,048,Lecture,4.0,0 of 60,04:00pm-07:20pm,M,"Pishgar, Maryam",DMC156,
Industrial and Systems Engineering,ISE-558: Fundamentals of Data Engineering,"Essentials of data engineering, focusing on data architecture, data warehousing, ETL processes, big data technologies, and data quality.",None,31558 D,048,Lecture,4.0,0 of 70,12:00pm-01:50pm,MW,"Wilcox, Bruce",OHE132,
Industrial and Systems Engineering,ISE-558: Fundamentals of Data Engineering,"Essentials of data engineering, focusing on data architecture, data warehousing, ETL processes, big data technologies, and data quality.",None,31755 D,034,Lecture,4.0,0 of 20,12:00pm-01:50pm,MW,"Wilcox, Bruce",DEN@Viterbi,
Industrial and Systems Engineering,ISE-558: Fundamentals of Data Engineering,"Essentials of data engineering, focusing on data architecture, data warehousing, ETL processes, big data technologies, and data quality.",None,31758 D,048,Lecture,4.0,0 of 140,05:00pm-06:50pm,MW,TBA,SLH200,
Industrial and Systems Engineering,ISE-561: Economic Analysis of Engineering Projects,Economic evaluations of engineering systems for both government and private industry; quantitative techniques for evaluating non-monetary consequences; formal treatment of risk and uncertainty. NOTE:   Recommended Preparation: undergraduate engineering economics on the level of ISE 460.,None,31561 D,048,Lecture,4.0,0 of 45,12:00pm-01:50pm,TTh,"Gupta, Shalini",OHE100B,
Industrial and Systems Engineering,ISE-561: Economic Analysis of Engineering Projects,Economic evaluations of engineering systems for both government and private industry; quantitative techniques for evaluating non-monetary consequences; formal treatment of risk and uncertainty. NOTE:   Recommended Preparation: undergraduate engineering economics on the level of ISE 460.,None,31565 D,048,Lecture,4.0,0 of 37,12:00pm-01:50pm,MW,"Gupta, Shalini",VHE210,
Industrial and Systems Engineering,ISE-561: Economic Analysis of Engineering Projects,Economic evaluations of engineering systems for both government and private industry; quantitative techniques for evaluating non-monetary consequences; formal treatment of risk and uncertainty. NOTE:   Recommended Preparation: undergraduate engineering economics on the level of ISE 460.,None,31761 D,034,Lecture,4.0,0 of 15,12:00pm-01:50pm,TTh,"Gupta, Shalini",DEN@Viterbi,
Industrial and Systems Engineering,ISE-562: Decision Analysis,"Decisions under uncertainty; utility theory; multiattribute utility; probability elicitation; conjugate distributions; decision analysis applications, framing, modeling using spreadsheets or software; cognitive biases, behavioral decision theory.",None,31562 D,048,Lecture,4.0,0 of 30,04:00pm-05:50pm,MW,"Smith, Jeffrey",RTH105,
Industrial and Systems Engineering,ISE-562: Decision Analysis,"Decisions under uncertainty; utility theory; multiattribute utility; probability elicitation; conjugate distributions; decision analysis applications, framing, modeling using spreadsheets or software; cognitive biases, behavioral decision theory.",None,31762 D,034,Lecture,4.0,0 of 35,04:00pm-05:50pm,MW,"Smith, Jeffrey",DEN@Viterbi,
Industrial and Systems Engineering,ISE-563: Financial Engineering,Concepts underlying the economic analysis of engineering projects; applications to call and put options; utility theory and mathematical optimizations models; simulation. NOTE:   Recommended Preparation: Probability on the level of ISE 220..,None,31563 D,048,Lecture,4.0,0 of 68,06:00pm-09:40pm,M,"Delianedis, Gordon",OHE100B,
Industrial and Systems Engineering,ISE-563: Financial Engineering,Concepts underlying the economic analysis of engineering projects; applications to call and put options; utility theory and mathematical optimizations models; simulation. NOTE:   Recommended Preparation: Probability on the level of ISE 220..,None,31763 D,034,Lecture,4.0,0 of 20,06:00pm-09:40pm,M,"Delianedis, Gordon",DEN@Viterbi,
Industrial and Systems Engineering,ISE-580: Performance Analysis with Simulation,"Introduction to modeling and analysis of stochastic systems, with an emphasis on discrete-event simulation of non-Markovian systems. NOTE:   Recommended Preparation: Probability and Statistics at the level of ISE 225; introductory computer programming at the level of ISE 150 or ITP 150..",None,31580 D,048,Lecture,4.0,0 of 40,02:00pm-05:40pm,M,"Chabok, Hamid",OHE100B,
Industrial and Systems Engineering,ISE-580: Performance Analysis with Simulation,"Introduction to modeling and analysis of stochastic systems, with an emphasis on discrete-event simulation of non-Markovian systems. NOTE:   Recommended Preparation: Probability and Statistics at the level of ISE 225; introductory computer programming at the level of ISE 150 or ITP 150..",None,31780 D,034,Lecture,4.0,0 of 30,02:00pm-05:40pm,M,"Chabok, Hamid",DEN@Viterbi,
Industrial and Systems Engineering,ISE-583: Enterprise Wide Information Systems,"The role enterprise resource planning systems (ERPs) play in organization; integrating and coordinating the many business processes such as demand planning, procurement, production and sales.",None,31503 D,048,Lecture,4.0,0 of 56,10:00am-11:50am,TTh,"Kale, Nitin",OHE100D,
Industrial and Systems Engineering,ISE-583: Enterprise Wide Information Systems,"The role enterprise resource planning systems (ERPs) play in organization; integrating and coordinating the many business processes such as demand planning, procurement, production and sales.",None,31703 D,034,Lecture,4.0,0 of 10,10:00am-11:50am,TTh,"Kale, Nitin",DEN@Viterbi,
Industrial and Systems Engineering,ISE-585: Strategic Management of Technology and Innovation,"Examine principles, strategies, practices and case studies where new technology and innovation are transforming the traditional business paradigms to identify best practices in real-world implementation.",None,31585 D,048,Lecture,4.0,0 of 40,01:00pm-04:50pm,F,"Lu, Paul",RTH217,
Industrial and Systems Engineering,ISE-585: Strategic Management of Technology and Innovation,"Examine principles, strategies, practices and case studies where new technology and innovation are transforming the traditional business paradigms to identify best practices in real-world implementation.",None,31785 D,034,Lecture,4.0,0 of 15,01:00pm-04:50pm,F,"Lu, Paul",DEN@Viterbi,
Industrial and Systems Engineering,ISE-590: Directed Research,Research leading to the master's degree; maximum units which may be applied to the degree to be determined by the department. Graded CR/NC.,None,31590 D,048,Lecture,1.0-12.0,0 of 25,TBA,TBA,TBA,OFFICE,
Industrial and Systems Engineering,ISE-594B: Master's Thesis,Credit on acceptance of Thesis.,ISE-594A,31592 D,048,Lecture,2.0,0 of 10,TBA,TBA,TBA,TBA,
Industrial and Systems Engineering,ISE-610: Advanced Design of Experiments and Quality Engineering,"Methodologies of planning, conducting, analyzing and interpreting controlled physical or computational experiments for causal inference with broad data science and engineering applications. NOTE:   Recommended Preparation: Engineering statistics (including distributions, confidence intervals, ANOVA, and regression) on the level of ISE 225..",None,31612 D,048,Lecture,4.0,0 of 22,12:00pm-01:50pm,TTh,"Huang, Qiang",GER206,
Industrial and Systems Engineering,ISE-617: Machine Learning for/with Mixed-Integer Optimization,"Using mixed-integer optimization (MIO) to solve problems in artificial intelligence (Al) and machine learning (ML). Leveraging Al/ML to improve MIO solvers. NOTE:   Recommended Preparation: Optimization (at the level of CSCI 675, ISE 630, or ISE 631); machine learning (at the level of CSCI 567, ISE 568, CSCI 467, EE 460, ISE 529, or CSCI 559) using Python.",None,31579 D,048,Lecture,4.0,0 of 35,12:00pm-01:50pm,MW,"Gomez Escobar, Andres Dilkina, Bistra",DMC203,
Industrial and Systems Engineering,ISE-630: Foundations of Optimization,"Convex sets, convex functions, structures of optimization problems, Lagrangian and conjugate duality. First and second order optimality conditions; applications in engineering and statistics. NOTE:   Recommended Preparation: Multivariable calculus on the level of MATH 229; linear algebra on the level of MATH 225 or MATH 245..",None,31631 D,048,Lecture,4.0,0 of 40,08:00am-09:50am,TTh,"Pang, Jong-Shi",KDC236,
Industrial and Systems Engineering,ISE-632: Network Flows and Combinatorial Optimization,"Combinatorial optimization, particularly graph problems. Shortest paths, max flow, minimum cost flows, Spanning trees, matroids, submodular functions. Bipartite and general matchings, Polyhedral combinatorics, total unimodularity.",ISE-536,31534 D,048,Lecture,4.0,0 of 30,04:00pm-05:50pm,MW,"Carlsson, John",ZHS360,
Industrial and Systems Engineering,ISE-150: Solving Engineering Problems using Python,Engineering examples are used as a platform to introduce computer programming skills for problem solving; critical thinking skills.,None,31526 D,001,Lecture,4.0,0 of 35,08:00am-09:50am,TTh,"Ma, Tao",WPH103,
Industrial and Systems Engineering,ISE-220: Foundations of Probability Modeling,"Techniques for modeling uncertainty: discrete and continuous random variables, probability distributions, expectations and conditional probability; Poisson processes, Markov chains and queuing decision models.",1 from (MATH-126 or MATH-129),31601 D,001,Lecture,4.0,0 of 35,04:00pm-05:50pm,TTh,"Wang, Shengbo",THH106,Course will include quizzes from 8am to 8:30 am.
Industrial and Systems Engineering,ISE-225: Foundations of Data Analysis,Sampling distributions; confidence intervals and hypothesis testing; analysis of variance; regression; data aggregation; prediction and classification.,ISE-220,31602 D,001,Lecture,4.0,0 of 40,10:00am-11:50am,TTh,"Huang, Qiang",DMC101,
Industrial and Systems Engineering,ISE-315 L: Engineering Project Management,"Managing a project intended to create an engineered system. Methods, processes, tools. Lessons-learned from actual practice. Case studies from real projects. Presentations by student teams.",ISE-225,31620 D,001,Lecture-Lab,4.0,0 of 35,02:00pm-03:50pm,MW,"Gupta, Shalini",GFS207,
Industrial and Systems Engineering,ISE-330: Optimization,"Modeling, solution analysis and applications of complex decision problems using linear, dynamic and integer optimization.",1 from (MATH-225 or (EE-141 and MATH-126) or (EE-141 and MATH-129)),31609 D,001,Lecture,4.0,0 of 50,02:00pm-03:50pm,MW,"Carlsson, John",KDC235,
Industrial and Systems Engineering,ISE-350: Principles and Practices of Systems Engineering,"Systems as complex collaborative ensembles of interconnected components. Theory and practice of requirements, design, implementation, testing, deployment, operation and disposal. Case studies from real projects.",ISE-225,31540 D,001,Lecture,4.0,0 of 31,02:00pm-03:50pm,TTh,"Siegel, Neil",WPHB28,
Industrial and Systems Engineering,ISE-351: Systems Thinking for Sustainability,"Analysis of the complex interplay of technical, social, psychological, and environmental factors to address real-world sustainability challenges.",None,31689 R,001,Lecture,4.0,0 of 25,02:00pm-03:20pm,TTh,"Maby, Edward",VHE214,
Industrial and Systems Engineering,ISE-370 L: Human Factors in Work and Systems Design,"Role of humans in technological systems; human-systems integration; ergonomics; anthropometry and workstation design; work methods and measurement; human error, safety and accident analysis.",None,31607 D,001,Lecture,4.0,0 of 35,12:00pm-01:50pm,TTh,"Khashe, Yalda",DMC201,
Industrial and Systems Engineering,ISE-370 L: Human Factors in Work and Systems Design,"Role of humans in technological systems; human-systems integration; ergonomics; anthropometry and workstation design; work methods and measurement; human error, safety and accident analysis.",None,31637 R,001,Lab,0.0,0 of 30,04:00pm-05:50pm,W,"Khashe, Yalda",GER206,
Industrial and Systems Engineering,ISE-382: Database Systems: Storage and Retrieval using SQL,Data models for industry applications. Modeling and designing robust databases. Implementing and querying databases with SQL. Innovations in database applications. NOTE: Register for lec & 1 dis,None,31608 D,001,Lecture,4.0,0 of 35,10:00am-11:50am,MW,"Ma, Tao",DMC260,
Industrial and Systems Engineering,ISE-382: Database Systems: Storage and Retrieval using SQL,Data models for industry applications. Modeling and designing robust databases. Implementing and querying databases with SQL. Innovations in database applications. NOTE: Register for lec & 1 dis,None,31639 R,001,Discussion,0.0,0 of 30,09:00am-10:20am,F,"Ma, Tao",VHE210,
Industrial and Systems Engineering,ISE-410: Planning and Scheduling for Production and Supply Chains,"Production, resource and service planning, forecasting, scheduling, vendor and location selection, inventory; integrated decision systems for the control of production, services and supply chains.",ISE-330,31610 D,001,Lecture,4.0,0 of 35,02:00pm-03:50pm,TTh,"Izadinia, Niloufar",WPH103,
Industrial and Systems Engineering,ISE-435 L: Discrete Systems Simulation,"Modeling of complex discrete event systems, input and output analysis, system evaluation via experimentation on the simulation model, applications to industrial and systems engineering problems.",1 from (ISE-150 or CSCI-113) and ISE-225,31613 D,001,Lecture,4.0,0 of 36,10:00am-11:50am,TTh,"Palmer, Kurt",WPH103,
Industrial and Systems Engineering,ISE-435 L: Discrete Systems Simulation,"Modeling of complex discrete event systems, input and output analysis, system evaluation via experimentation on the simulation model, applications to industrial and systems engineering problems.",1 from (ISE-150 or CSCI-113) and ISE-225,31633 R,001,Lab,0.0,0 of 36,01:00pm-01:50pm,Th,"Palmer, Kurt",THH114,
Industrial and Systems Engineering,ISE-440: Socio-Technical Systems and Work Organizations,"Design, modeling and analysis of complex systems, challenges they present and methods for resolving those challenges. Impact of technology on work and organizational design.",None,31573 D,001,Lecture,4.0,0 of 35,04:00pm-05:50pm,TTh,TBA,DMC258,
Industrial and Systems Engineering,"ISE-460: Engineering Decisions, Economics and Ethics","Principles of economic analysis and decision analysis for engineering systems, including applications in financing, developing and comparing new technologies. NOTE: Register for lec & 1 dis",ISE-220,31615 D,001,Lecture,4.0,0 of 75,12:00pm-01:50pm,TTh,"Hall, Randolph",OHE136,
Industrial and Systems Engineering,"ISE-460: Engineering Decisions, Economics and Ethics","Principles of economic analysis and decision analysis for engineering systems, including applications in financing, developing and comparing new technologies. NOTE: Register for lec & 1 dis",ISE-220,31645 R,001,Discussion,0.0,0 of 45,12:00pm-12:50pm,F,"Hall, Randolph",OHE100C,
Industrial and Systems Engineering,ISE-490 x: Directed Research,Individual research and readings. Not available for graduate credit.,None,31626 D,001,Lecture,1.0-8.0,0 of 10,TBA,TBA,TBA,OFFICE,
Industrial and Systems Engineering,ISE-495A x: Senior Design Project,"Investigate client organization operations, evaluate alternative designs to meet client needs, complete preliminary design review.",ISE-225 and ISE-382,31636 D,001,Lecture,2.0,0 of 25,09:00am-11:50am,F,"Mayeshiba, Theodore Price, Melissa",VHE214,
Industrial and Systems Engineering,ISE-495B x: Senior Design Project,"Develop the detailed design including countermeasures for risks, complete critical design review, implement the project plan, close-out the project.",ISE-315 and ISE-370 and ISE-435 and ISE-495A,31619 D,001,Lecture,2.0,0 of 50,09:00am-11:50am,F,"Lu, Paul Mayeshiba, Theodore",SSL202,
Industrial and Systems Engineering,ISE-501: Innovative Conceptual Design for New Product Development,"A logic-based framework for conceptual design, including systematic concept generation and improvement, in innovative product developments. NOTE:   Recommended Preparation: Bachelor's degree in engineering or physical sciences.",None,31501 D,048,Lecture,4.0,0 of 40,05:00pm-08:20pm,T,"Lu, Stephen",RTH217,
Industrial and Systems Engineering,ISE-501: Innovative Conceptual Design for New Product Development,"A logic-based framework for conceptual design, including systematic concept generation and improvement, in innovative product developments. NOTE:   Recommended Preparation: Bachelor's degree in engineering or physical sciences.",None,31798 D,034,Lecture,4.0,0 of 30,05:00pm-08:20pm,T,"Lu, Stephen",DEN@Viterbi,
Industrial and Systems Engineering,ISE-503: Health Analytics,"Case-study approach to learning descriptive and predictive data analytical tools for health data. Derive inspiring solutions to real-world problems in various health domain applications. NOTE:   Recommended Preparation: Statistics on the level of ISE 225; programming on the level of ISE 150 (familiarity with R would be helpful). Course illustrates health examples of predictive analytics and data mining, so prior preparation in ISE 529 and ISE 535 is helpful but not required..",None,31724 D,048,Lecture,4.0,0 of 30,03:00pm-06:50pm,Th,"Horn, Abigail",THH215,
Industrial and Systems Engineering,ISE-505: Modeling for Health Policy and Medical Decision Making,"Modeling techniques used to inform decisions in public health, disease control, and hospital operations. NOTE:   Recommended Preparation: Basic probability on the level of ISE 220; advanced undergraduates are encouraged to take the class and should obtain instructor permission to attend.",None,31541 D,048,Lecture,4.0,0 of 36,12:00pm-01:50pm,TTh,"Suen, Sze-Chuan",TBA,
Industrial and Systems Engineering,ISE-506: Lean Operations,"Study of various aspects of integrated manufacturing and service enterprises including management, design and production functions, interfaces and related resources and information systems. NOTE:   Duplicates Credit in former SAE 551.",None,31522 D,048,Lecture,4.0,0 of 30,04:00pm-07:50pm,F,"Mayeshiba, Theodore",OHE100D,
Industrial and Systems Engineering,ISE-506: Lean Operations,"Study of various aspects of integrated manufacturing and service enterprises including management, design and production functions, interfaces and related resources and information systems. NOTE:   Duplicates Credit in former SAE 551.",None,31722 D,034,Lecture,4.0,0 of 30,04:00pm-07:50pm,F,"Mayeshiba, Theodore",DEN@Viterbi,
Industrial and Systems Engineering,ISE-509: Practicum in Health Care Systems,Application of performance and efficiency tools to streamline hospital operations. Group projects collaborating with hospital staff. NOTE:   Recommended Preparation: Engineering statistics at the level of ISE 225.,None,31509 D,048,Lecture,4.0,0 of 25,06:00pm-09:20pm,W,"Belson, David Khashe, Yalda",OHE100C,
Industrial and Systems Engineering,ISE-509: Practicum in Health Care Systems,Application of performance and efficiency tools to streamline hospital operations. Group projects collaborating with hospital staff. NOTE:   Recommended Preparation: Engineering statistics at the level of ISE 225.,None,31726 D,034,Lecture,4.0,0 of 15,06:00pm-09:20pm,W,"Belson, David Khashe, Yalda",DEN@Viterbi,
Industrial and Systems Engineering,ISE-513: Logistics and Inventory Systems,"Practice in inventory management, computerized procedures, materials requirements planning. Deterministic and stochastic demand systems with static/dynamic models.",None,31513 D,048,Lecture,4.0,0 of 45,10:00am-11:50am,TTh,"Izadinia, Niloufar",OHE100B,
Industrial and Systems Engineering,ISE-513: Logistics and Inventory Systems,"Practice in inventory management, computerized procedures, materials requirements planning. Deterministic and stochastic demand systems with static/dynamic models.",None,31713 D,034,Lecture,4.0,0 of 16,10:00am-11:50am,TTh,"Izadinia, Niloufar",DEN@Viterbi,
Industrial and Systems Engineering,ISE-514: Advanced Production Planning and Scheduling,"Dependencies among long, intermediate and short-range planning and scheduling of production systems considering objectives, technological constraints and solution algorithms. NOTE:   Recommended Preparation: prior knowledge of operations research and probability theory..",None,31510 D,048,Lecture,4.0,0 of 45,02:00pm-03:50pm,TTh,"Gupta, Shalini",OHE100C,
Industrial and Systems Engineering,ISE-514: Advanced Production Planning and Scheduling,"Dependencies among long, intermediate and short-range planning and scheduling of production systems considering objectives, technological constraints and solution algorithms. NOTE:   Recommended Preparation: prior knowledge of operations research and probability theory..",None,31706 D,034,Lecture,4.0,0 of 15,02:00pm-03:50pm,TTh,"Gupta, Shalini",DEN@Viterbi,
Industrial and Systems Engineering,ISE-515: Engineering Project Management,"Methods, processes and tools for managing projects to create engineered systems. Project management; engineering economics; risk management. Industry-drawn large-scale engineering case studies. Team project presentations.",None,31505 D,048,Lecture,4.0,0 of 30,04:00pm-07:50pm,W,"Haleblian, Herag",OHE100D,
Industrial and Systems Engineering,ISE-515: Engineering Project Management,"Methods, processes and tools for managing projects to create engineered systems. Project management; engineering economics; risk management. Industry-drawn large-scale engineering case studies. Team project presentations.",None,31515 D,048,Lecture,4.0,0 of 30,04:00pm-07:50pm,T,"Lu, Paul",WPHB28,
Industrial and Systems Engineering,ISE-515: Engineering Project Management,"Methods, processes and tools for managing projects to create engineered systems. Project management; engineering economics; risk management. Industry-drawn large-scale engineering case studies. Team project presentations.",None,31705 D,034,Lecture,4.0,0 of 40,04:00pm-07:50pm,W,"Haleblian, Herag",DEN@Viterbi,
Industrial and Systems Engineering,ISE-515: Engineering Project Management,"Methods, processes and tools for managing projects to create engineered systems. Project management; engineering economics; risk management. Industry-drawn large-scale engineering case studies. Team project presentations.",None,31715 D,048,Lecture,4.0,0 of 30,12:00pm-01:50pm,TTh,TBA,KAP145,
Industrial and Systems Engineering,ISE-519: Engineering Management of Systems Integration,Foundations of systems integration; advanced topics in systems integration including generative artificial intelligence (AI); data analytics for predicting and supporting engineering decisions.,None,31519 D,048,Lecture,4.0,0 of 40,12:00pm-01:50pm,TTh,"Lu, Paul",RTH217,
Industrial and Systems Engineering,ISE-519: Engineering Management of Systems Integration,Foundations of systems integration; advanced topics in systems integration including generative artificial intelligence (AI); data analytics for predicting and supporting engineering decisions.,None,31721 D,034,Lecture,4.0,0 of 20,12:00pm-01:50pm,TTh,"Lu, Paul",DEN@Viterbi,